{
  "sharedDir": "shared",
  "dependenciesDir": "extern",
  "info": {
    "name": "beatsaber-hook",
    "id": "beatsaber-hook",
    "version": "1.2.3",
    "url": "https://github.com/sc2ad/beatsaber-hook",
    "additionalData": {
      "branchName": "master",
      "soLink": "https://github.com/sc2ad/beatsaber-hook/releases/download/v0.5.8/libbeatsaber-hook.so",
      "debugSoLink": "https://github.com/sc2ad/beatsaber-hook/releases/download/v0.5.8/debug_libbeatsaber-hook.so"
    }
  },
  "dependencies": [
    {
      "id": "modloader",
      "versionRange": "^1.2.0",
      "additionalData": {}
    },
    {
      "id": "libil2cpp",
      "versionRange": ">=0.1.2<0.3.0",
      "additionalData": {}
    }
  ],
  "additionalData": {}
}